Al,Co,Fe,Ni,Si,Mn,Cr,Mo,Ti,Cu,Zr,V,Nb,Sn,Zn,Ta,Hf,W,HV
0,0.3181,0.3551,0.3268,0,0,0,0,0,0,0,0,0,0,0,0,0,0,125
0.0963,0.3073,0.3045,0.2919,0,0,0,0,0,0,0,0,0,0,0,0,0,0,138
0.1742,0.2749,0.2781,0.2728,0,0,0,0,0,0,0,0,0,0,0,0,0,0,212
0.2287,0.2585,0.2613,0.2515,0,0,0,0,0,0,0,0,0,0,0,0,0,0,385
0.2842,0.2392,0.2438,0.2328,0,0,0,0,0,0,0,0,0,0,0,0,0,0,453
0,0.305230523,0.308930893,0.302730273,0.083108311,0,0,0,0,0,0,0,0,0,0,0,0,0,149
0,0.2816,0.2773,0.2728,0.1683,0,0,0,0,0,0,0,0,0,0,0,0,0,287
0,0.2572,0.2631,0.2606,0.2191,0,0,0,0,0,0,0,0,0,0,0,0,0,570
0,0.222,0.222,0.222,0,0,0.222,0.112,0,0,0,0,0,0,0,0,0,0,218.5
0.1,0.2,0.2,0.2,0,0,0.2,0.1,0,0,0,0,0,0,0,0,0,0,414.4
0.182,0.182,0.182,0.182,0,0,0.182,0.09,0,0,0,0,0,0,0,0,0,0,717.5
0.25,0.167,0.167,0.167,0,0,0.167,0.082,0,0,0,0,0,0,0,0,0,0,650
0.308,0.154,0.154,0.154,0,0,0.154,0.076,0,0,0,0,0,0,0,0,0,0,602
0,0.266272189,0.190335306,0.267258383,0,0,0.184418146,0,0.091715976,0,0,0,0,0,0,0,0,0,509
0.038,0.261,0.171,0.263,0,0,0.176,0,0.091,0,0,0,0,0,0,0,0,0,487
0,0.245,0.163,0.246,0,0,0.171,0,0.175,0,0,0,0,0,0,0,0,0,654
0.039,0.239,0.156,0.236,0,0,0.156,0,0.174,0,0,0,0,0,0,0,0,0,717
0.175,0.075,0.25,0.25,0,0,0.25,0,0,0,0,0,0,0,0,0,0,0,624
0,0.2,0.2,0.2,0,0,0.2,0,0,0.2,0,0,0,0,0,0,0,0,286
0,0,0.2,0.2,0,0,0.2,0.2,0,0.2,0,0,0,0,0,0,0,0,263
0.2,0,0.2,0.2,0,0,0.2,0,0,0.2,0,0,0,0,0,0,0,0,342
0,0,0.2,0.2,0,0.2,0.2,0,0,0.2,0,0,0,0,0,0,0,0,296
0,0,0.2,0.2,0,0,0.2,0,0,0.2,0.2,0,0,0,0,0,0,0,566
0.2,0.2,0.2,0.2,0,0,0.2,0,0,0,0,0,0,0,0,0,0,0,395
0.272,0.182,0.182,0.182,0,0,0.182,0,0,0,0,0,0,0,0,0,0,0,402
0.332,0.167,0.167,0.167,0,0,0.167,0,0,0,0,0,0,0,0,0,0,0,432
0.384,0.154,0.154,0.154,0,0,0.154,0,0,0,0,0,0,0,0,0,0,0,487
0.428,0.143,0.143,0.143,0,0,0.143,0,0,0,0,0,0,0,0,0,0,0,506
0.2,0.2,0.2,0.2,0,0,0.2,0,0,0,0,0,0,0,0,0,0,0,520
0.196080392,0.196080392,0.196080392,0.196080392,0,0,0.196080392,0,0,0,0,0,0.01959804,0,0,0,0,0,569
0.190480952,0.190480952,0.190480952,0.190480952,0,0,0.190480952,0,0,0,0,0,0.04759524,0,0,0,0,0,668
0.181818182,0.181818182,0.181818182,0.181818182,0,0,0.181818182,0,0,0,0,0,0.090909091,0,0,0,0,0,747
0.196,0.196,0.118,0.196,0,0,0.196,0.098,0,0,0,0,0,0,0,0,0,0,750
0.198019802,0.198019802,0.198019802,0.198019802,0,0,0.198019802,0.00990099,0,0,0,0,0,0,0,0,0,0,730
0.166833167,0.166833167,0.24975025,0.166833167,0,0,0.166833167,0.082917083,0,0,0,0,0,0,0,0,0,0,634
0.153846154,0.153846154,0.307692308,0.153846154,0,0,0.153846154,0.076923077,0,0,0,0,0,0,0,0,0,0,634
0,0.2,0.2,0.2,0,0,0.2,0,0,0.2,0,0,0,0,0,0,0,0,137
0.056594341,0.188681132,0.188681132,0.188681132,0,0,0.188681132,0,0,0.188681132,0,0,0,0,0,0,0,0,178
0.090909091,0.181818182,0.181818182,0.181818182,0,0,0.181818182,0,0,0.181818182,0,0,0,0,0,0,0,0,207
0.137913791,0.172417242,0.172417242,0.172417242,0,0,0.172417242,0,0,0.172417242,0,0,0,0,0,0,0,0,270
0.166666667,0.166666667,0.166666667,0.166666667,0,0,0.166666667,0,0,0.166666667,0,0,0,0,0,0,0,0,406
0.206341268,0.158731746,0.158731746,0.158731746,0,0,0.158731746,0,0,0.158731746,0,0,0,0,0,0,0,0,475
0.230846169,0.153830766,0.153830766,0.153830766,0,0,0.153830766,0,0,0.153830766,0,0,0,0,0,0,0,0,510
0.264647071,0.147070586,0.147070586,0.147070586,0,0,0.147070586,0,0,0.147070586,0,0,0,0,0,0,0,0,560
0.285642871,0.142871426,0.142871426,0.142871426,0,0,0.142871426,0,0,0.142871426,0,0,0,0,0,0,0,0,568
0.315068493,0.136986301,0.136986301,0.136986301,0,0,0.136986301,0,0,0.136986301,0,0,0,0,0,0,0,0,604
0.333366673,0.133326665,0.133326665,0.133326665,0,0,0.133326665,0,0,0.133326665,0,0,0,0,0,0,0,0,625
0.359,0.1282,0.1282,0.1282,0,0,0.1282,0,0,0.1282,0,0,0,0,0,0,0,0,660
0.375,0.125,0.125,0.125,0,0,0.125,0,0,0.125,0,0,0,0,0,0,0,0,643
0,0,0.166666667,0.166666667,0,0,0,0,0.166666667,0.166666667,0.166666667,0.166666667,0,0,0,0,0,0,590
0.166666667,0,0.166666667,0.166666667,0,0,0,0,0.166666667,0,0.166666667,0.166666667,0,0,0,0,0,0,800
0,0,0.166666667,0.166666667,0,0,0,0.166666667,0.166666667,0,0.166666667,0.166666667,0,0,0,0,0,0,740
0,0.142857143,0.142857143,0.142857143,0,0,0,0,0.142857143,0.142857143,0.142857143,0.142857143,0,0,0,0,0,0,630
0.142857143,0.142857143,0.142857143,0.142857143,0,0,0,0,0.142857143,0,0.142857143,0.142857143,0,0,0,0,0,0,790
0,0.142857143,0.142857143,0.142857143,0,0,0,0.142857143,0.142857143,0,0.142857143,0.142857143,0,0,0,0,0,0,790
0,0.125,0.125,0.125,0,0,0.125,0,0.125,0.125,0.125,0.125,0,0,0,0,0,0,680
0.125,0.125,0.125,0.125,0,0,0.125,0,0.125,0,0.125,0.125,0,0,0,0,0,0,780
0,0.125,0.125,0.125,0,0,0.125,0.125,0.125,0,0.125,0.125,0,0,0,0,0,0,850
0.25,0,0.25,0.25,0,0,0.25,0,0,0,0,0,0,0,0,0,0,0,472.4
0.2381,0,0.2381,0.2381,0,0,0.2381,0.0476,0,0,0,0,0,0,0,0,0,0,548.5
0.222222222,0,0.222222222,0.222222222,0,0,0.222222222,0.111111111,0,0,0,0,0,0,0,0,0,0,621.5
0.208320832,0,0.208320832,0.208320832,0,0,0.208320832,0.166716672,0,0,0,0,0,0,0,0,0,0,853.8
0.2,0,0.2,0.2,0,0,0.2,0.2,0,0,0,0,0,0,0,0,0,0,914
0,0.222222222,0.222222222,0.222222222,0,0,0.222222222,0,0,0.111111111,0,0,0,0,0,0,0,0,172
0,0.222222222,0.222222222,0.222222222,0,0,0.222222222,0,0,0.111111111,0,0,0,0,0,0,0,0,160
0,0.222222222,0.222222222,0.222222222,0,0,0.222222222,0,0,0.111111111,0,0,0,0,0,0,0,0,153
0,0.222222222,0.222222222,0.222222222,0,0,0.222222222,0,0,0.111111111,0,0,0,0,0,0,0,0,161
0,0.222222222,0.222222222,0.222222222,0,0,0.222222222,0,0,0.111111111,0,0,0,0,0,0,0,0,158
0,0.222222222,0.222222222,0.222222222,0,0,0.222222222,0,0,0.111111111,0,0,0,0,0,0,0,0,146
0,0.222222222,0.222222222,0.222222222,0,0,0.222222222,0,0,0.111111111,0,0,0,0,0,0,0,0,163
0,0.222222222,0.222222222,0.222222222,0,0,0.222222222,0,0,0.111111111,0,0,0,0,0,0,0,0,162
0,0.222222222,0.222222222,0.222222222,0,0,0.222222222,0,0,0.111111111,0,0,0,0,0,0,0,0,166
0.090909091,0.181818182,0.181818182,0.181818182,0,0,0.181818182,0,0,0.181818182,0,0,0,0,0,0,0,0,225
0.087717544,0.175435087,0.175435087,0.175435087,0,0,0.175435087,0,0.035107021,0.175435087,0,0,0,0,0,0,0,0,272
0.0847,0.1695,0.1695,0.1695,0,0,0.1695,0,0.0678,0.1695,0,0,0,0,0,0,0,0,321
0.082008201,0.163916392,0.163916392,0.163916392,0,0,0.163916392,0,0.098409841,0.163916392,0,0,0,0,0,0,0,0,458
0.079407941,0.158715872,0.158715872,0.158715872,0,0,0.158715872,0,0.127012701,0.158715872,0,0,0,0,0,0,0,0,588
0.076923077,0.153846154,0.153846154,0.153846154,0,0,0.153846154,0,0.153846154,0.153846154,0,0,0,0,0,0,0,0,635
0.074585083,0.149270146,0.149270146,0.149270146,0,0,0.149270146,0,0.179064187,0.149270146,0,0,0,0,0,0,0,0,650
0.072507251,0.144914491,0.144914491,0.144914491,0,0,0.144914491,0,0.202920292,0.144914491,0,0,0,0,0,0,0,0,654
0.070414083,0.140828166,0.140828166,0.140828166,0,0,0.140828166,0,0.225445089,0.140828166,0,0,0,0,0,0,0,0,661
0.068493151,0.136986301,0.136986301,0.136986301,0,0,0.136986301,0,0.246575342,0.136986301,0,0,0,0,0,0,0,0,669
0.066706671,0.133313331,0.133313331,0.133313331,0,0,0.133313331,0,0.266726673,0.133313331,0,0,0,0,0,0,0,0,697
0.090909091,0.181818182,0.181818182,0.181818182,0,0,0.181818182,0,0,0.181818182,0,0,0,0,0,0,0,0,223
0.087717544,0.175435087,0.175435087,0.175435087,0,0,0.175435087,0,0,0.175435087,0,0.035107021,0,0,0,0,0,0,205
0.0847,0.1695,0.1695,0.1695,0,0,0.1695,0,0,0.1695,0,0.0678,0,0,0,0,0,0,233
0.082008201,0.163916392,0.163916392,0.163916392,0,0,0.163916392,0,0,0.163916392,0,0.098409841,0,0,0,0,0,0,331
0.079407941,0.158715872,0.158715872,0.158715872,0,0,0.158715872,0,0,0.158715872,0,0.127012701,0,0,0,0,0,0,443
0.076923077,0.153846154,0.153846154,0.153846154,0,0,0.153846154,0,0,0.153846154,0,0.153846154,0,0,0,0,0,0,638
0.074585083,0.149270146,0.149270146,0.149270146,0,0,0.149270146,0,0,0.149270146,0,0.179064187,0,0,0,0,0,0,576
0.072507251,0.144914491,0.144914491,0.144914491,0,0,0.144914491,0,0,0.144914491,0,0.202920292,0,0,0,0,0,0,577
0.070414083,0.140828166,0.140828166,0.140828166,0,0,0.140828166,0,0,0.140828166,0,0.225445089,0,0,0,0,0,0,590
0.068493151,0.136986301,0.136986301,0.136986301,0,0,0.136986301,0,0,0.136986301,0,0.246575342,0,0,0,0,0,0,599
0.066706671,0.133313331,0.133313331,0.133313331,0,0,0.133313331,0,0,0.133313331,0,0.266726673,0,0,0,0,0,0,585
0.2,0.2,0.2,0.2,0,0,0,0,0,0.2,0,0,0,0,0,0,0,0,532
0.166666667,0.166666667,0.166666667,0.166666667,0.166666667,0,0,0,0,0.166666667,0,0,0,0,0,0,0,0,677
0.166666667,0.166666667,0.166666667,0.166666667,0,0,0.166666667,0,0,0.166666667,0,0,0,0,0,0,0,0,468
0.166666667,0.166666667,0.166666667,0.166666667,0,0,0,0,0.166666667,0.166666667,0,0,0,0,0,0,0,0,624
0.166666667,0.166666667,0.166666667,0.166666667,0,0,0,0,0,0.166666667,0.166666667,0,0,0,0,0,0,0,474
0.166666667,0,0.166666667,0.166666667,0,0,0.166666667,0,0.166666667,0.166666667,0,0,0,0,0,0,0,0,468
0.166666667,0,0.166666667,0.166666667,0,0,0.166666667,0,0.166666667,0.166666667,0,0,0,0,0,0,0,0,531.5
0.166666667,0,0.166666667,0.166666667,0,0,0.166666667,0,0.166666667,0.166666667,0,0,0,0,0,0,0,0,514
0.166666667,0,0.166666667,0.166666667,0,0,0.166666667,0,0.166666667,0.166666667,0,0,0,0,0,0,0,0,592
0.166666667,0,0.166666667,0.166666667,0,0,0.166666667,0,0.166666667,0.166666667,0,0,0,0,0,0,0,0,551
0.166666667,0,0.166666667,0.166666667,0,0,0.166666667,0,0.166666667,0.166666667,0,0,0,0,0,0,0,0,515
0.2,0,0,0,0,0,0,0.1,0.2,0,0.2,0,0.2,0,0,0.1,0,0,580
0.2,0,0,0,0,0,0,0,0.3,0,0.1,0,0.3,0,0,0.1,0,0,400
0.08,0,0,0,0,0,0,0,0.2,0,0.2,0,0.2,0,0,0.2,0.12,0,490
0.06,0,0,0,0,0,0,0,0.28,0,0.26,0,0.2,0,0,0.2,0,0,480
0.06,0,0,0,0,0,0,0,0.28,0,0.26,0.04,0.2,0,0,0.16,0,0,490
0.1,0,0,0,0,0,0,0,0.3,0,0.2,0.04,0.2,0,0,0.16,0,0,520
0,0,0,0,0,0,0,0,0.202,0,0.199,0,0.189,0,0,0.202,0.208,0,294
0.066,0,0,0,0,0,0,0,0.184,0,0.193,0,0.186,0,0,0.184,0.187,0,352
0.094,0,0,0,0,0,0,0,0.183,0,0.191,0,0.176,0,0,0.176,0.18,0,396
0.125,0,0,0,0,0,0,0,0.176,0,0.18,0,0.174,0,0,0.176,0.169,0,429
0.162162162,0,0,0,0,0,0,0,0.174174174,0,0.166166166,0,0.169169169,0,0,0.164164164,0.164164164,0,443
0,0,0,0,0,0,0,0.25,0.25,0,0,0.25,0.25,0,0,0,0,0,440.7
0.0588,0,0,0,0,0,0,0.2353,0.2353,0,0,0.2353,0.2353,0,0,0,0,0,460.1
0.111111111,0,0,0,0,0,0,0.222222222,0.222222222,0,0,0.222222222,0.222222222,0,0,0,0,0,486.5
0.157915792,0,0,0,0,0,0,0.210521052,0.210521052,0,0,0.210521052,0.210521052,0,0,0,0,0,516.6
0.2,0,0,0,0,0,0,0.2,0.2,0,0,0.2,0.2,0,0,0,0,0,536.6
0.272727273,0,0,0,0,0,0,0.181818182,0.181818182,0,0,0.181818182,0.181818182,0,0,0,0,0,556.4
0.266,0,0,0,0,0,0,0,0.251,0,0,0.245,0.238,0,0,0,0,0,440
0,0,0,0,0,0,0,0,0.2,0,0.2,0.2,0.2,0,0,0,0.2,0,387.5
0,0,0,0,0,0,0,0,0.2,0,0.2,0.2,0.2,0,0,0,0.2,0,392.6
0,0,0,0,0,0,0,0,0.2,0,0.2,0.2,0.2,0,0,0,0.2,0,389.5
0,0,0,0,0,0,0,0,0.2,0,0.2,0.2,0.2,0,0,0,0.2,0,393.6
0,0,0,0,0,0,0,0,0.2,0,0.2,0.2,0.2,0,0,0,0.2,0,388.5
0,0,0,0,0,0,0.2,0,0.2,0,0.2,0,0.2,0,0,0,0.2,0,464
0,0,0,0,0,0,0.2,0,0.2,0,0.2,0,0.2,0,0,0,0.2,0,466
0,0,0,0,0,0,0.2,0,0.2,0,0.2,0,0.2,0,0,0,0.2,0,479.2
0,0,0,0,0,0,0.2,0,0.2,0,0.2,0,0.2,0,0,0,0.2,0,489.4
0,0,0,0,0,0,0.2,0,0.2,0,0.2,0,0.2,0,0,0,0.2,0,458.9
0,0,0,0,0,0,0,0,0.197,0,0.2123,0,0.1893,0,0,0.1968,0.2046,0,390.5
0,0,0,0,0,0,0,0.25,0,0,0,0,0.25,0,0,0.25,0,0.25,454.8
0,0,0,0,0,0,0,0.2,0,0,0,0.2,0.2,0,0,0.2,0,0.2,535.3
0,0,0,0,0,0,0,0.166666667,0.166666667,0,0.166666667,0,0.166666667,0,0,0.166666667,0.166666667,0,505
0,0,0,0,0,0,0,0.2,0.2,0,0.2,0,0,0,0,0.2,0.2,0,542
0,0,0,0,0.090909091,0,0,0,0.181818182,0,0.181818182,0.181818182,0.181818182,0,0,0,0.181818182,0,464
0,0,0,0,0.090909091,0,0,0,0.181818182,0,0.181818182,0.181818182,0.181818182,0,0,0,0.181818182,0,496
0,0,0,0,0,0,0,0,0.25,0,0.25,0.25,0.25,0,0,0,0,0,335
0,0,0,0,0,0,0,0,0.2,0,0.2,0.4,0.2,0,0,0,0,0,304.6
0,0,0,0,0,0,0.25,0,0.25,0,0.25,0,0.25,0,0,0,0,0,418
0,0,0,0,0,0,0.2,0,0.2,0,0.2,0.2,0.2,0,0,0,0,0,481.3
0,0,0,0,0,0,0,0,0.2,0,0,0.2,0.2,0,0,0.2,0,0.2,446.6
0,0,0,0,0,0,0,0,0,0,0,0.25,0.25,0,0,0.25,0,0.25,492.5
0,0.25,0.25,0.25,0,0,0,0,0,0,0,0.25,0,0,0,0,0,0,240
0,0.2381,0.2381,0.2381,0,0,0,0.0476,0,0,0,0.2381,0,0,0,0,0,0,268.7
0,0.227277272,0.227277272,0.227277272,0,0,0,0.090890911,0,0,0,0.227277272,0,0,0,0,0,0,404
0,0.2174,0.2174,0.2174,0,0,0,0.1304,0,0,0,0.2174,0,0,0,0,0,0,557
0,0.208320832,0.208320832,0.208320832,0,0,0,0.166716672,0,0,0,0.208320832,0,0,0,0,0,0,606
0,0.2,0.2,0.2,0,0,0,0.2,0,0,0,0.2,0,0,0,0,0,0,625
0,0.1923,0.1923,0.1923,0,0,0,0.2308,0,0,0,0.1923,0,0,0,0,0,0,602
0,0.185181482,0.185181482,0.185181482,0,0,0,0.259274073,0,0,0,0.185181482,0,0,0,0,0,0,539
0,0.178582142,0.178582142,0.178582142,0,0,0,0.285671433,0,0,0,0.178582142,0,0,0,0,0,0,521
0,0.172417242,0.172417242,0.172417242,0,0,0,0.310331033,0,0,0,0.172417242,0,0,0,0,0,0,510
0,0.166683332,0.166683332,0.166683332,0,0,0,0.333266673,0,0,0,0.166683332,0,0,0,0,0,0,382.8
0.0172,0,0,0.3276,0,0.3276,0,0,0,0.3276,0,0,0,0,0,0,0,0,166
0.03570357,0,0,0.321432143,0,0.321432143,0,0,0,0.321432143,0,0,0,0,0,0,0,0,241
0.0769,0,0,0.3077,0,0.3077,0,0,0,0.3077,0,0,0,0,0,0,0,0,346
0.1,0,0,0.3,0,0.3,0,0,0,0.3,0,0,0,0,0,0,0,0,377
0.124987501,0,0,0.291670833,0,0.291670833,0,0,0,0.291670833,0,0,0,0,0,0,0,0,355
0.181818182,0,0,0.272727273,0,0.272727273,0,0,0,0.272727273,0,0,0,0,0,0,0,0,395
0.0172,0,0,0.3276,0,0.3276,0,0,0,0.3276,0,0,0,0,0,0,0,0,174
0.03570357,0,0,0.321432143,0,0.321432143,0,0,0,0.321432143,0,0,0,0,0,0,0,0,220
0.0769,0,0,0.3077,0,0.3077,0,0,0,0.3077,0,0,0,0,0,0,0,0,355
0.1,0,0,0.3,0,0.3,0,0,0,0.3,0,0,0,0,0,0,0,0,373
0.124987501,0,0,0.291670833,0,0.291670833,0,0,0,0.291670833,0,0,0,0,0,0,0,0,359
0.181818182,0,0,0.272727273,0,0.272727273,0,0,0,0.272727273,0,0,0,0,0,0,0,0,398
0,0,0,0.3276,0,0.3276,0,0,0,0.3276,0,0,0,0.0172,0,0,0,0,205
0,0,0,0.321432143,0,0.321432143,0,0,0,0.321432143,0,0,0,0.03570357,0,0,0,0,318
0,0,0,0.3077,0,0.3077,0,0,0,0.3077,0,0,0,0.0769,0,0,0,0,402
0,0,0,0.3,0,0.3,0,0,0,0.3,0,0,0,0.1,0,0,0,0,467
0,0,0,0.3276,0,0.3276,0,0,0,0.3276,0,0,0,0.0172,0,0,0,0,178
0,0,0,0.321432143,0,0.321432143,0,0,0,0.321432143,0,0,0,0.03570357,0,0,0,0,255
0,0,0,0.3077,0,0.3077,0,0,0,0.3077,0,0,0,0.0769,0,0,0,0,533
0,0,0,0.3,0,0.3,0,0,0,0.3,0,0,0,0.1,0,0,0,0,507
0,0,0,0.3077,0,0.3077,0,0,0,0.3077,0,0,0,0,0.0769,0,0,0,109
0,0,0,0.3,0,0.3,0,0,0,0.3,0,0,0,0,0.1,0,0,0,147
0,0,0,0.2826,0,0.2826,0,0,0,0.2826,0,0,0,0,0.1522,0,0,0,246
0,0,0,0.272727273,0,0.272727273,0,0,0,0.272727273,0,0,0,0,0.181818182,0,0,0,268
0,0,0,0.3077,0,0.3077,0,0,0,0.3077,0,0,0,0,0.0769,0,0,0,113
0,0,0,0.3,0,0.3,0,0,0,0.3,0,0,0,0,0.1,0,0,0,128
0,0,0,0.2826,0,0.2826,0,0,0,0.2826,0,0,0,0,0.1522,0,0,0,242
0,0,0,0.272727273,0,0.272727273,0,0,0,0.272727273,0,0,0,0,0.181818182,0,0,0,253
0.0179,0,0,0.3214,0,0.3214,0,0,0,0.3214,0,0,0,0.0179,0,0,0,0,297
0.02,0,0,0.3,0,0.3,0,0,0,0.3,0,0,0,0,0.08,0,0,0,233
0.02270227,0,0,0.272727273,0,0.272727273,0,0,0,0.272727273,0,0,0,0,0.159115912,0,0,0,295
0.03849615,0,0,0.307669233,0,0.307669233,0,0,0,0.307669233,0,0,0,0,0.03849615,0,0,0,257
0.04169583,0,0,0.291670833,0,0.291670833,0,0,0,0.291670833,0,0,0,0,0.083291671,0,0,0,228
0,0,0,0.3,0,0.3,0,0,0,0.3,0,0,0,0.02,0.08,0,0,0,278
0,0,0,0.272727273,0,0.272727273,0,0,0,0.272727273,0,0,0,0.02270227,0.159115912,0,0,0,362
0,0,0,0.0588,0,0.4118,0,0,0,0.4118,0,0,0,0,0.1176,0,0,0,345
0.0179,0,0,0.3214,0,0.3214,0,0,0,0.3214,0,0,0,0.0179,0,0,0,0,303
0.02,0,0,0.3,0,0.3,0,0,0,0.3,0,0,0,0,0.08,0,0,0,271
0.02270227,0,0,0.272727273,0,0.272727273,0,0,0,0.272727273,0,0,0,0,0.159115912,0,0,0,281
0.03849615,0,0,0.307669233,0,0.307669233,0,0,0,0.307669233,0,0,0,0,0.03849615,0,0,0,321
0.04169583,0,0,0.291670833,0,0.291670833,0,0,0,0.291670833,0,0,0,0,0.083291671,0,0,0,306
0,0,0,0.3,0,0.3,0,0,0,0.3,0,0,0,0.02,0.08,0,0,0,286
0,0,0,0.272727273,0,0.272727273,0,0,0,0.272727273,0,0,0,0.02270227,0.159115912,0,0,0,376
0,0,0,0.0588,0,0.4118,0,0,0,0.4118,0,0,0,0,0.1176,0,0,0,372
0,0.333333333,0,0.333333333,0,0,0,0.083308331,0,0,0,0.166716672,0,0,0,0,0,0.083308331,376
0,0.322567743,0,0.322567743,0,0,0,0.096790321,0,0,0,0.161283872,0,0,0,0,0,0.096790321,560
0,0.303030303,0,0.303030303,0,0,0,0.121212121,0,0,0,0.151515152,0,0,0,0,0,0.121212121,577
0,0.285671433,0,0.285671433,0,0,0,0.142885711,0,0,0,0.142885711,0,0,0,0,0,0.142885711,510
0,0.25,0,0.25,0,0,0,0.1875,0,0,0,0.125,0,0,0,0,0,0.1875,583
0,0.2353,0,0.2353,0,0,0,0.2059,0,0,0,0.1176,0,0,0,0,0,0.2059,667
0,0.222222222,0.222222222,0.444444444,0,0,0,0,0,0,0,0.111111111,0,0,0,0,0,0,133.7
0,0.212778722,0.212778722,0.425457454,0,0,0,0,0,0,0,0.106389361,0.04259574,0,0,0,0,0,293
0,0.2041,0.2041,0.4082,0,0,0,0,0,0,0,0.102,0.0816,0,0,0,0,0,360
0,0.1961,0.1961,0.3922,0,0,0,0,0,0,0,0.098,0.1176,0,0,0,0,0,498
0,0.1942,0.1942,0.3883,0,0,0,0,0,0,0,0.0971,0.1262,0,0,0,0,0,538.6
0,0.1923,0.1923,0.3846,0,0,0,0,0,0,0,0.0962,0.1346,0,0,0,0,0,574
0,0.190480952,0.190480952,0.380961904,0,0,0,0,0,0,0,0.095190481,0.142885711,0,0,0,0,0,640
0,0.1887,0.1887,0.3774,0,0,0,0,0,0,0,0.0943,0.1509,0,0,0,0,0,617
0,0.181818182,0.181818182,0.363636364,0,0,0,0,0,0,0,0.090909091,0.181818182,0,0,0,0,0,687
0,0.25,0.25,0.25,0,0,0.25,0,0,0,0,0,0,0,0,0,0,0,141
0,0.2439,0.2439,0.2439,0,0,0.2439,0,0,0,0,0,0,0,0,0.0244,0,0,180
0,0.2381,0.2381,0.2381,0,0,0.2381,0,0,0,0,0,0,0,0,0.0476,0,0,277
0,0.232553489,0.232553489,0.232553489,0,0,0.232553489,0,0,0,0,0,0,0,0,0.069786043,0,0,365
0,0.227277272,0.227277272,0.227277272,0,0,0.227277272,0,0,0,0,0,0,0,0,0.090890911,0,0,492
0,0.222222222,0.222222222,0.222222222,0,0,0.222222222,0,0,0,0,0,0,0,0,0.111111111,0,0,498
0,0.210521052,0.210521052,0.210521052,0,0,0.210521052,0,0,0,0,0,0,0,0,0.157915792,0,0,550
0,0.2439,0.2439,0.2439,0,0,0.2439,0,0,0,0.0244,0,0,0,0,0,0,0,190.07
0,0.2381,0.2381,0.2381,0,0,0.2381,0,0,0,0.0476,0,0,0,0,0,0,0,212
0,0.232553489,0.232553489,0.232553489,0,0,0.232553489,0,0,0,0.069786043,0,0,0,0,0,0,0,251
0,0.216455576,0.216455576,0.264070089,0,0,0.216455576,0,0,0,0.086563184,0,0,0,0,0,0,0,308
0,0.222222222,0.222222222,0.222222222,0,0,0.222222222,0,0,0,0.111111111,0,0,0,0,0,0,0,527
0,0,0,0,0,0,0,0.25,0,0,0,0,0.25,0,0,0.25,0,0.25,527
0,0.2439,0.2439,0.2439,0,0,0.2439,0,0,0,0,0,0,0,0,0,0.0244,0,212.1
0,0.2381,0.2381,0.2381,0,0,0.2381,0,0,0,0,0,0,0,0,0,0.0476,0,334
0,0.232553489,0.232553489,0.232553489,0,0,0.232553489,0,0,0,0,0,0,0,0,0,0.069786043,0,419.7
0,0.227277272,0.227277272,0.227277272,0,0,0.227277272,0,0,0,0,0,0,0,0,0,0.090890911,0,567
0,0.25,0.25,0.25,0,0,0.25,0,0,0,0,0,0,0,0,0,0,0,156.6
0.2381,0,0.2381,0.2381,0,0,0.2381,0,0.0476,0,0,0,0,0,0,0,0,0,643
0.1923,0.1923,0.1923,0.1923,0,0,0.1923,0,0,0,0,0.0385,0,0,0,0,0,0,557.6
0.181818182,0.181818182,0.181818182,0.181818182,0,0,0.181818182,0,0,0,0,0.090909091,0,0,0,0,0,0,591.3
0.172417242,0.172417242,0.172417242,0.172417242,0,0,0.172417242,0,0,0,0,0.137913791,0,0,0,0,0,0,624.8
0.166666667,0.166666667,0.166666667,0.166666667,0,0,0.166666667,0,0,0,0,0.166666667,0,0,0,0,0,0,648.8
0,0.294129413,0.294129413,0.294129413,0.058805881,0,0,0,0,0.058805881,0,0,0,0,0,0,0,0,130.1
0,0.294129413,0.294129413,0.294129413,0.058805881,0,0,0,0,0.058805881,0,0,0,0,0,0,0,0,153.8
0.075483666,0.273496141,0.302040385,0.273496141,0,0.075483666,0,0,0,0,0,0,0,0,0,0,0,0,150.6
0,0,0,0,0,0,0,0.2,0.2,0,0,0.2,0.2,0,0,0.2,0,0,421.7
0.0385,0,0,0,0,0,0,0.1923,0.1923,0,0,0.1923,0.1923,0,0,0.1923,0,0,473.6
0.074092591,0,0,0,0,0,0,0.185181482,0.185181482,0,0,0.185181482,0.185181482,0,0,0.185181482,0,0,510
0.107089291,0,0,0,0,0,0,0.178582142,0.178582142,0,0,0.178582142,0.178582142,0,0,0.178582142,0,0,532
0.166666667,0,0,0,0,0,0,0.166666667,0.166666667,0,0,0.166666667,0.166666667,0,0,0.166666667,0,0,574.8
0,0.25,0.25,0.25,0,0,0.25,0,0,0,0,0,0,0,0,0,0,0,131.8
0,0.2381,0.2381,0.2381,0,0,0.2381,0,0,0,0,0,0,0,0,0,0,0.0476,158
0,0.227277272,0.227277272,0.227277272,0,0,0.227277272,0,0,0,0,0,0,0,0,0,0,0.090890911,250.76
0,0.2174,0.2174,0.2174,0,0,0.2174,0,0,0,0,0,0,0,0,0,0,0.1304,334.1
0,0.25,0.25,0.25,0,0,0.25,0,0,0,0,0,0,0,0,0,0,0,131.8
0,0.2381,0.2381,0.2381,0,0,0.2381,0,0,0,0,0,0,0,0,0,0,0.0476,161
0,0.227277272,0.227277272,0.227277272,0,0,0.227277272,0,0,0,0,0,0,0,0,0,0,0.090890911,308.28
0,0.2174,0.2174,0.2174,0,0,0.2174,0,0,0,0,0,0,0,0,0,0,0.1304,371.48
0,0.2,0.2,0.2,0,0.2,0.2,0,0,0,0,0,0,0,0,0,0,0,675
0,0.1923,0.1923,0.1923,0,0.1923,0.1923,0,0.0385,0,0,0,0,0,0,0,0,0,878.7
0,0.185181482,0.185181482,0.185181482,0,0.185181482,0.185181482,0,0.074092591,0,0,0,0,0,0,0,0,0,895.9
0,0.178582142,0.178582142,0.178582142,0,0.178582142,0.178582142,0,0.107089291,0,0,0,0,0,0,0,0,0,910.1
0,0.172417242,0.172417242,0.172417242,0,0.172417242,0.172417242,0,0.137913791,0,0,0,0,0,0,0,0,0,916.7
0,0.246924692,0.246924692,0.246924692,0.01230123,0,0.246924692,0,0,0,0,0,0,0,0,0,0,0,285
0,0.2,0.2,0.2,0,0,0.2,0,0,0,0,0,0.2,0,0,0,0,0,645
0,0.2,0.2,0.2,0,0,0.2,0,0,0,0,0,0.2,0,0,0,0,0,790
0.111111111,0.222222222,0.222222222,0.222222222,0,0,0.222222222,0,0,0,0,0,0,0,0,0,0,0,206.2
0,0,0.35,0.25,0,0,0.25,0.15,0,0,0,0,0,0,0,0,0,0,567.29
0,0,0.35,0.25,0,0,0.25,0.15,0,0,0,0,0,0,0,0,0,0,565.65
0,0,0.35,0.25,0,0,0.25,0.15,0,0,0,0,0,0,0,0,0,0,565.52
0,0,0.35,0.25,0,0,0.25,0.15,0,0,0,0,0,0,0,0,0,0,561.68
0,0,0.35,0.25,0,0,0.25,0.15,0,0,0,0,0,0,0,0,0,0,546.4
0,0,0.35,0.25,0,0,0.25,0.15,0,0,0,0,0,0,0,0,0,0,533
0,0,0.35,0.25,0,0,0.25,0.15,0,0,0,0,0,0,0,0,0,0,531.68
0.2,0,0.2,0,0,0,0.2,0,0.2,0,0,0.2,0,0,0,0,0,0,822.5
0.2,0,0.2,0,0,0,0.2,0,0.2,0,0,0.2,0,0,0,0,0,0,864.9
0,0,0,0,0,0,0,0.25,0,0,0,0,0.25,0,0,0.25,0,0.25,690
0,0,0,0,0,0,0,0.25,0,0,0,0,0.25,0,0,0.25,0,0.25,846.25
0,0,0,0,0,0,0,0.25,0,0,0,0,0.25,0,0,0.25,0,0.25,853
0,0,0,0,0,0,0,0.25,0,0,0,0,0.25,0,0,0.25,0,0.25,893
0,0.244675532,0.250874913,0.243975602,0,0,0.260473953,0,0,0,0,0,0,0,0,0,0,0,113
0.058805881,0.232123212,0.238223822,0.225922592,0,0,0.244924492,0,0,0,0,0,0,0,0,0,0,0,113
0.080291971,0.226277372,0.232176782,0.226877312,0,0,0.234376562,0,0,0,0,0,0,0,0,0,0,0,196
0.121,0.2263,0.2166,0.2206,0,0,0.2155,0,0,0,0,0,0,0,0,0,0,0,209
0.1566,0.2119,0.2092,0.2069,0,0,0.2154,0,0,0,0,0,0,0,0,0,0,0,280
0.173265347,0.211457708,0.201759648,0.204259148,0,0,0.209258148,0,0,0,0,0,0,0,0,0,0,0,361
0.2012,0.1958,0.2033,0.1927,0,0,0.207,0,0,0,0,0,0,0,0,0,0,0,433
0.250294118,0.188627451,0.187352941,0.186862745,0,0,0.186862745,0,0,0,0,0,0,0,0,0,0,0,499
0.2744,0.1869,0.1795,0.1766,0,0,0.1826,0,0,0,0,0,0,0,0,0,0,0,517.3
0.3013,0.1765,0.1729,0.1697,0,0,0.1796,0,0,0,0,0,0,0,0,0,0,0,512.4
0.285642871,0.142871426,0.142871426,0.142871426,0,0,0.142871426,0,0.142871426,0,0,0,0,0,0,0,0,0,643
0.25,0.125,0.25,0,0,0,0.25,0.125,0,0,0,0,0,0,0,0,0,0,801
0.222222222,0.222222222,0.222222222,0,0,0,0.222222222,0.111111111,0,0,0,0,0,0,0,0,0,0,796
0.2,0.3,0.2,0,0,0,0.2,0.1,0,0,0,0,0,0,0,0,0,0,741
0.1786,0.3571,0.1786,0,0,0,0.1786,0.1071,0,0,0,0,0,0,0,0,0,0,586
0,0.193,0.194,0.193,0,0.207,0.213,0,0,0,0,0,0,0,0,0,0,0,176
0.024,0.193,0.195,0.182,0,0.197,0.209,0,0,0,0,0,0,0,0,0,0,0,180
0.046,0.193,0.191,0.18,0,0.181,0.209,0,0,0,0,0,0,0,0,0,0,0,171
0.076,0.182,0.183,0.177,0,0.182,0.2,0,0,0,0,0,0,0,0,0,0,0,182
0.093,0.18,0.175,0.178,0,0.184,0.19,0,0,0,0,0,0,0,0,0,0,0,183
0.104,0.176,0.174,0.176,0,0.18,0.19,0,0,0,0,0,0,0,0,0,0,0,220
0.119,0.171,0.176,0.176,0,0.179,0.179,0,0,0,0,0,0,0,0,0,0,0,278
0.131,0.17,0.172,0.172,0,0.173,0.182,0,0,0,0,0,0,0,0,0,0,0,405
0.12,0.176,0.176,0.176,0,0.176,0.176,0,0,0,0,0,0,0,0,0,0,0,486
0.13,0.174,0.174,0.174,0,0.174,0.174,0,0,0,0,0,0,0,0,0,0,0,530
0.14,0.169,0.168,0.172,0,0.172,0.179,0,0,0,0,0,0,0,0,0,0,0,539
0.15,0.17,0.17,0.17,0,0.17,0.17,0,0,0,0,0,0,0,0,0,0,0,533
0.16,0.168,0.168,0.168,0,0.168,0.168,0,0,0,0,0,0,0,0,0,0,0,535
0.213,0.154,0.155,0.155,0,0.159,0.164,0,0,0,0,0,0,0,0,0,0,0,539
0,0.2,0.2,0.2,0,0,0.2,0,0,0.2,0,0,0,0,0,0,0,0,119
0.1,0.18,0.18,0.18,0,0,0.18,0,0,0.18,0,0,0,0,0,0,0,0,203
0.166666667,0.166666667,0.166666667,0.166666667,0,0,0.166666667,0,0,0.166666667,0,0,0,0,0,0,0,0,410
0.2308,0.15384,0.15384,0.15384,0,0,0.15384,0,0,0.15384,0,0,0,0,0,0,0,0,504
0.285,0.143,0.143,0.143,0,0,0.143,0,0,0.143,0,0,0,0,0,0,0,0,575
0.335,0.133,0.133,0.133,0,0,0.133,0,0,0.133,0,0,0,0,0,0,0,0,612
0.375,0.125,0.125,0.125,0,0,0.125,0,0,0.125,0,0,0,0,0,0,0,0,640
0.2174,0,0.2174,0.1304,0,0,0.2174,0,0,0.2174,0,0,0,0,0,0,0,0,496
0.2083,0,0.2083,0.1668,0,0,0.2083,0,0,0.2083,0,0,0,0,0,0,0,0,486
0.2,0,0.2,0.2,0,0,0.2,0,0,0.2,0,0,0,0,0,0,0,0,495
0.1923,0,0.1923,0.2308,0,0,0.1923,0,0,0.1923,0,0,0,0,0,0,0,0,407
0.1852,0,0.1852,0.2592,0,0,0.1852,0,0,0.1852,0,0,0,0,0,0,0,0,367
0.25,0,0,0.25,0,0,0,0,0.25,0.25,0,0,0,0,0,0,0,0,537
0.225,0,0.15,0.2,0,0,0,0,0.225,0.2,0,0,0,0,0,0,0,0,516
0.2,0,0.2,0.2,0,0,0,0,0.2,0.2,0,0,0,0,0,0,0,0,516
0.25,0,0,0.25,0,0,0,0,0.25,0.25,0,0,0,0,0,0,0,0,521
0.225,0,0.15,0.2,0,0,0,0,0.225,0.2,0,0,0,0,0,0,0,0,434
0.2,0,0.2,0.2,0,0,0,0,0.2,0.2,0,0,0,0,0,0,0,0,365
0.25,0,0,0.25,0,0,0,0,0.25,0.25,0,0,0,0,0,0,0,0,518
0.225,0,0.15,0.2,0,0,0,0,0.225,0.2,0,0,0,0,0,0,0,0,575
0.2,0,0.2,0.2,0,0,0,0,0.2,0.2,0,0,0,0,0,0,0,0,544
0.25,0,0,0.25,0,0,0,0,0.25,0.25,0,0,0,0,0,0,0,0,416
0.225,0,0.15,0.2,0,0,0,0,0.225,0.2,0,0,0,0,0,0,0,0,516
0.2,0,0.2,0.2,0,0,0,0,0.2,0.2,0,0,0,0,0,0,0,0,449
0,0,0,0,0,0,0.183881612,0.100389961,0.193980602,0,0.184781522,0,0.218378162,0,0,0.118588141,0,0,540
0,0,0,0,0,0,0,0,0.245,0,0.242,0.23,0.283,0,0,0,0,0,335
0,0,0,0,0,0,0.246,0,0.239,0,0.248,0,0.267,0,0,0,0,0,418
0,0,0,0,0,0,0.202,0,0.199,0,0.203,0.196,0.2,0,0,0,0,0,481
0,0,0,0,0,0,0,0,0.245,0,0.242,0.23,0.283,0,0,0,0,0,310
0,0,0,0,0,0,0.246,0,0.239,0,0.248,0,0.267,0,0,0,0,0,397
0,0,0,0,0,0,0.202,0,0.199,0,0.203,0.196,0.2,0,0,0,0,0,449
0,0,0,0,0,0,0,0,0.375,0,0.25,0,0.125,0,0,0.125,0.125,0,301
0,0,0,0,0,0,0,0,0.2,0,0.2,0,0.2,0,0,0.2,0.2,0,390
0.07,0,0.35,0.114,0,0.233,0.233,0,0,0,0,0,0,0,0,0,0,0,297
0.111,0,0.333,0.112,0,0.222,0.222,0,0,0,0,0,0,0,0,0,0,0,396
0.07,0,0.35,0.114,0,0.233,0.233,0,0,0,0,0,0,0,0,0,0,0,857
0.111,0,0.333,0.112,0,0.222,0.222,0,0,0,0,0,0,0,0,0,0,0,870
0,0.2,0.2,0.2,0,0,0.2,0,0,0,0,0,0.2,0,0,0,0,0,648
0,0.2,0.2,0.2,0,0,0.2,0,0,0,0,0,0.2,0,0,0,0,0,674
0,0.2,0.2,0.2,0,0,0.2,0,0,0,0,0,0.2,0,0,0,0,0,676
0,0.208320832,0.208320832,0.208320832,0,0,0.208320832,0,0,0,0,0,0.166716672,0,0,0,0,0,713
0,0.222222222,0.222222222,0.222222222,0,0,0.222222222,0,0,0,0,0,0.111111111,0,0,0,0,0,550
0,0.2353,0.2353,0.2353,0,0,0.2353,0,0,0,0,0,0.0588,0,0,0,0,0,408
0,0.243902439,0.243902439,0.243902439,0,0,0.243902439,0,0,0,0,0,0.024390244,0,0,0,0,0,307
0.217326109,0.217326109,0.217326109,0,0,0.108962953,0.217326109,0.021732611,0,0,0,0,0,0,0,0,0,0,235
0,0,0,0,0,0,0,0.25,0,0,0,0,0.25,0,0,0.25,0,0.25,455
0,0,0,0,0,0,0,0.25,0,0,0,0,0.25,0,0,0.25,0,0.25,455
0,0,0,0,0,0,0,0.25,0,0,0,0,0.25,0,0,0.25,0,0.25,455
0,0,0,0,0,0,0,0.25,0,0,0,0,0.25,0,0,0.25,0,0.25,455
0,0,0,0,0,0,0,0.25,0,0,0,0,0.25,0,0,0.25,0,0.25,455
0,0,0,0,0,0,0,0.25,0,0,0,0,0.25,0,0,0.25,0,0.25,455
0,0,0,0,0,0,0,0.25,0,0,0,0,0.25,0,0,0.25,0,0.25,455
0,0,0,0,0,0,0,0.2,0,0,0,0.2,0.2,0,0,0.2,0,0.2,553
0,0,0,0,0,0,0,0.2,0,0,0,0.2,0.2,0,0,0.2,0,0.2,553
0,0,0,0,0,0,0,0.2,0,0,0,0.2,0.2,0,0,0.2,0,0.2,553
0,0,0,0,0,0,0,0.2,0,0,0,0.2,0.2,0,0,0.2,0,0.2,553
0,0,0,0,0,0,0,0.2,0,0,0,0.2,0.2,0,0,0.2,0,0.2,553
0,0,0,0,0,0,0,0.2,0,0,0,0.2,0.2,0,0,0.2,0,0.2,553
0,0,0,0,0,0,0,0.2,0,0,0,0.2,0.2,0,0,0.2,0,0.2,553
0.2,0.2,0.2,0.2,0,0,0.2,0,0,0,0,0,0,0,0,0,0,0,543
0.1,0,0.36,0.15,0,0.21,0.18,0,0,0,0,0,0,0,0,0,0,0,420
0.1,0,0.36,0.15,0,0.21,0.18,0,0,0,0,0,0,0,0,0,0,0,420
0.1,0,0.36,0.15,0,0.21,0.18,0,0,0,0,0,0,0,0,0,0,0,420
0.1,0,0.36,0.15,0,0.21,0.18,0,0,0,0,0,0,0,0,0,0,0,420
0.1,0,0.36,0.15,0,0.21,0.18,0,0,0,0,0,0,0,0,0,0,0,420
0.1,0,0.36,0.15,0,0.21,0.18,0,0,0,0,0,0,0,0,0,0,0,420
0.1,0,0.36,0.15,0,0.21,0.18,0,0,0,0,0,0,0,0,0,0,0,420
0.1,0,0.36,0.15,0,0.21,0.18,0,0,0,0,0,0,0,0,0,0,0,420
0.1,0,0.36,0.15,0,0.21,0.18,0,0,0,0,0,0,0,0,0,0,0,420
0.1,0,0.36,0.15,0,0.21,0.18,0,0,0,0,0,0,0,0,0,0,0,310
0.093781244,0.226554689,0.226554689,0.226554689,0,0,0.226554689,0,0,0,0,0,0,0,0,0,0,0,178
0.124975005,0.218756249,0.218756249,0.218756249,0,0,0.218756249,0,0,0,0,0,0,0,0,0,0,0,272
0.156315632,0.210921092,0.210921092,0.210921092,0,0,0.210921092,0,0,0,0,0,0,0,0,0,0,0,529
0.187518752,0.203120312,0.203120312,0.203120312,0,0,0.203120312,0,0,0,0,0,0,0,0,0,0,0,531
0.2188,0.1953,0.1953,0.1953,0,0,0.1953,0,0,0,0,0,0,0,0,0,0,0,527
0.25,0.1875,0.1875,0.1875,0,0,0.1875,0,0,0,0,0,0,0,0,0,0,0,517
0.2,0,0,0,0.2,0,0,0.2,0.2,0,0,0,0,0,0,0,0,0.2,802.93
0,0,0,0,0,0,0,0.2,0.2,0,0.2,0,0,0,0,0.2,0.2,0,542
0,0,0,0,0,0,0,0.166666667,0.166666667,0,0.166666667,0,0.166666667,0,0,0.166666667,0.166666667,0,505
0,0,0,0,0,0,0,0.2,0.2,0,0.2,0,0.2,0,0,0,0.2,0,607
0,0,0,0,0,0,0,0.222222222,0.222222222,0,0.222222222,0,0.111111111,0,0,0,0.222222222,0,499
0,0,0,0,0,0,0,0.181818182,0.181818182,0,0.181818182,0,0.272727273,0,0,0,0.181818182,0,544
0,0,0,0,0,0,0,0.222222222,0.111111111,0,0.222222222,0,0.222222222,0,0,0,0.222222222,0,652
0,0,0,0,0,0,0,0.181818182,0.272727273,0,0.181818182,0,0.181818182,0,0,0,0.181818182,0,596
0,0,0,0,0,0,0,0.222222222,0.222222222,0,0.111111111,0,0.222222222,0,0,0,0.222222222,0,598
0,0,0,0,0,0,0,0.181818182,0.181818182,0,0.272727273,0,0.181818182,0,0,0,0.181818182,0,631
0,0,0,0,0,0,0,0.222222222,0.222222222,0,0.222222222,0,0.222222222,0,0,0,0.111111111,0,622
0,0,0,0,0,0,0,0.181818182,0.181818182,0,0.181818182,0,0.181818182,0,0,0,0.272727273,0,616
0,0,0,0,0,0,0,0.125,0.25,0,0.25,0,0.25,0,0,0,0.125,0,584
0,0,0,0,0,0,0,0.272727273,0.181818182,0,0.181818182,0,0.181818182,0,0,0,0.181818182,0,646
0.090909091,0.181818182,0.181818182,0.181818182,0,0,0.181818182,0,0,0.181818182,0,0,0,0,0,0,0,0,225
0.087261785,0.17552658,0.17552658,0.17552658,0,0,0.17552658,0,0.035105316,0.17552658,0,0,0,0,0,0,0,0,275
0.084337349,0.169678715,0.169678715,0.169678715,0,0,0.169678715,0,0.067269076,0.169678715,0,0,0,0,0,0,0,0,320
0.081488934,0.163983903,0.163983903,0.163983903,0,0,0.163983903,0,0.098591549,0.163983903,0,0,0,0,0,0,0,0,455
0.079396985,0.15879397,0.15879397,0.15879397,0,0,0.15879397,0,0.126633166,0.15879397,0,0,0,0,0,0,0,0,590
0.076458753,0.153923541,0.153923541,0.153923541,0,0,0.153923541,0,0.153923541,0.153923541,0,0,0,0,0,0,0,0,635
0.074148297,0.149298597,0.149298597,0.149298597,0,0,0.149298597,0,0.179358717,0.149298597,0,0,0,0,0,0,0,0,650
0.072434608,0.144869215,0.144869215,0.144869215,0,0,0.144869215,0,0.203219316,0.144869215,0,0,0,0,0,0,0,0,655
0.07,0.141,0.141,0.141,0,0,0.141,0,0.225,0.141,0,0,0,0,0,0,0,0,660
0.068068068,0.137137137,0.137137137,0.137137137,0,0,0.137137137,0,0.246246246,0.137137137,0,0,0,0,0,0,0,0,665
0.066198596,0.133400201,0.133400201,0.133400201,0,0,0.133400201,0,0.266800401,0.133400201,0,0,0,0,0,0,0,0,700
0,0.2,0.2,0.2,0,0.2,0.2,0,0,0,0,0,0,0,0,0,0,0,181.2
0,0.246924692,0.246924692,0.246924692,0.01230123,0,0.246924692,0,0,0,0,0,0,0,0,0,0,0,285
0,0.246924692,0.246924692,0.246924692,0.01230123,0,0.246924692,0,0,0,0,0,0,0,0,0,0,0,275
0,0.25,0.25,0.25,0,0,0.25,0,0,0,0,0,0,0,0,0,0,0,238
0.111111111,0.222222222,0.222222222,0.222222222,0,0,0.222222222,0,0,0,0,0,0,0,0,0,0,0,262
0,0.25,0.25,0.25,0,0,0.25,0,0,0,0,0,0,0,0,0,0,0,160
0,0.2,0.2,0.2,0,0.2,0.2,0,0,0,0,0,0,0,0,0,0,0,170
0,0.2,0.2,0.2,0,0,0.2,0,0,0,0,0.2,0,0,0,0,0,0,524
0,0.166666667,0.166666667,0.166666667,0,0.166666667,0.166666667,0,0,0,0,0.166666667,0,0,0,0,0,0,650
0,0.196080392,0.196080392,0.196080392,0,0.196080392,0.196080392,0,0.01959804,0,0,0,0,0,0,0,0,0,140
0.13,0.2,0.2,0.235,0,0,0.235,0,0,0,0,0,0,0,0,0,0,0,386
0,0.166666667,0.166666667,0.166666667,0,0.166666667,0.166666667,0,0,0,0,0.166666667,0,0,0,0,0,0,636
0,0.25,0.25,0.25,0,0,0.25,0,0,0,0,0,0,0,0,0,0,0,134
0,0.2,0.2,0.2,0,0,0.2,0,0,0,0,0.2,0,0,0,0,0,0,587
0,0.2,0.2,0.2,0,0.2,0.2,0,0,0,0,0,0,0,0,0,0,0,135
0,0.272727273,0.181818182,0.272727273,0,0,0.181818182,0,0.090909091,0,0,0,0,0,0,0,0,0,442
0,0.203,0.208,0.207,0,0.181,0.201,0,0,0,0,0,0,0,0,0,0,0,400
0,0.169,0.24,0.207,0,0.185,0.199,0,0,0,0,0,0,0,0,0,0,0,352
0,0.169,0.24,0.207,0,0.185,0.199,0,0,0,0,0,0,0,0,0,0,0,424
